category,total_engagement,average_sentiment
entertainment,147093840,0.24958679028979341
lifestyle,143052483,0.23414756988164193
sports,142831596,0.2404474289259516
technology,140075111,0.24629749730556183
