category,total_engagement,average_sentiment,total_followers
entertainment,147093840,0.24958679028979341,12913544857
lifestyle,143052483,0.23414756988164193,12789734832
sports,142831596,0.2404474289259516,12368037557
technology,140075111,0.24629749730556183,12118751195
